[
{
  "model": "admin.logentry",
  "pk": 1,
  "fields": {
    "action_time": "2025-04-26T12:10:42.680Z",
    "user": 1,
    "content_type": 7,
    "object_id": "1",
    "object_repr": "Who is Jesus Christ?",
    "action_flag": 1,
    "change_message": "[{\"added\": {}}]"
  }
},
{
  "model": "admin.logentry",
  "pk": 2,
  "fields": {
    "action_time": "2025-04-26T13:19:03.767Z",
    "user": 1,
    "content_type": 7,
    "object_id": "2",
    "object_repr": "Where Was Jesus Born?",
    "action_flag": 1,
    "change_message": "[{\"added\": {}}]"
  }
},
{
  "model": "admin.logentry",
  "pk": 3,
  "fields": {
    "action_time": "2025-04-26T13:19:47.454Z",
    "user": 1,
    "content_type": 7,
    "object_id": "2",
    "object_repr": "Where Was Jesus Born?",
    "action_flag": 2,
    "change_message": "[{\"changed\": {\"fields\": [\"Body\"]}}]"
  }
},
{
  "model": "admin.logentry",
  "pk": 4,
  "fields": {
    "action_time": "2025-04-26T14:33:48.728Z",
    "user": 1,
    "content_type": 7,
    "object_id": "1",
    "object_repr": "Who is Jesus Christ?",
    "action_flag": 2,
    "change_message": "[]"
  }
},
{
  "model": "admin.logentry",
  "pk": 5,
  "fields": {
    "action_time": "2025-04-26T14:33:59.571Z",
    "user": 1,
    "content_type": 7,
    "object_id": "1",
    "object_repr": "Who is Jesus Christ?",
    "action_flag": 2,
    "change_message": "[]"
  }
},
{
  "model": "admin.logentry",
  "pk": 6,
  "fields": {
    "action_time": "2025-04-26T14:35:52.824Z",
    "user": 1,
    "content_type": 7,
    "object_id": "3",
    "object_repr": "What is Django?",
    "action_flag": 1,
    "change_message": "[{\"added\": {}}]"
  }
},
{
  "model": "admin.logentry",
  "pk": 7,
  "fields": {
    "action_time": "2025-04-26T19:22:40.373Z",
    "user": 1,
    "content_type": 7,
    "object_id": "1",
    "object_repr": "Who is Jesus Christ?",
    "action_flag": 2,
    "change_message": "[{\"changed\": {\"fields\": [\"Photo\"]}}]"
  }
},
{
  "model": "admin.logentry",
  "pk": 8,
  "fields": {
    "action_time": "2025-04-26T19:31:42.747Z",
    "user": 1,
    "content_type": 7,
    "object_id": "1",
    "object_repr": "Who is Jesus Christ?",
    "action_flag": 2,
    "change_message": "[{\"changed\": {\"fields\": [\"Photo\"]}}]"
  }
},
{
  "model": "admin.logentry",
  "pk": 9,
  "fields": {
    "action_time": "2025-04-26T19:35:22.677Z",
    "user": 1,
    "content_type": 7,
    "object_id": "1",
    "object_repr": "Who is Jesus Christ?",
    "action_flag": 2,
    "change_message": "[{\"changed\": {\"fields\": [\"Photo\"]}}]"
  }
},
{
  "model": "admin.logentry",
  "pk": 10,
  "fields": {
    "action_time": "2025-04-26T19:36:07.489Z",
    "user": 1,
    "content_type": 7,
    "object_id": "1",
    "object_repr": "Who is Jesus Christ?",
    "action_flag": 2,
    "change_message": "[{\"changed\": {\"fields\": [\"Photo\"]}}]"
  }
},
{
  "model": "admin.logentry",
  "pk": 11,
  "fields": {
    "action_time": "2025-04-26T19:47:36.171Z",
    "user": 1,
    "content_type": 7,
    "object_id": "1",
    "object_repr": "Who is Alinda?",
    "action_flag": 2,
    "change_message": "[{\"changed\": {\"fields\": [\"Title\", \"Slug\", \"Body\"]}}]"
  }
},
{
  "model": "admin.logentry",
  "pk": 12,
  "fields": {
    "action_time": "2025-04-26T19:48:48.973Z",
    "user": 1,
    "content_type": 7,
    "object_id": "1",
    "object_repr": "Who is Alinda?",
    "action_flag": 2,
    "change_message": "[{\"changed\": {\"fields\": [\"Photo\"]}}]"
  }
},
{
  "model": "admin.logentry",
  "pk": 13,
  "fields": {
    "action_time": "2025-04-27T11:25:29.467Z",
    "user": 1,
    "content_type": 7,
    "object_id": "1",
    "object_repr": "Who is Alinda?",
    "action_flag": 2,
    "change_message": "[{\"changed\": {\"fields\": [\"Body\"]}}]"
  }
},
{
  "model": "admin.logentry",
  "pk": 14,
  "fields": {
    "action_time": "2025-04-27T11:30:29.892Z",
    "user": 1,
    "content_type": 7,
    "object_id": "2",
    "object_repr": "What do you know about Django?",
    "action_flag": 2,
    "change_message": "[{\"changed\": {\"fields\": [\"Title\", \"Slug\", \"Body\", \"Photo\"]}}]"
  }
},
{
  "model": "admin.logentry",
  "pk": 15,
  "fields": {
    "action_time": "2025-04-27T11:31:08.296Z",
    "user": 1,
    "content_type": 7,
    "object_id": "2",
    "object_repr": "What do you know about Django?",
    "action_flag": 2,
    "change_message": "[{\"changed\": {\"fields\": [\"Photo\"]}}]"
  }
},
{
  "model": "admin.logentry",
  "pk": 16,
  "fields": {
    "action_time": "2025-04-27T11:39:29.347Z",
    "user": 1,
    "content_type": 7,
    "object_id": "3",
    "object_repr": "What is Django?",
    "action_flag": 2,
    "change_message": "[{\"changed\": {\"fields\": [\"Photo\"]}}]"
  }
},
{
  "model": "admin.logentry",
  "pk": 17,
  "fields": {
    "action_time": "2025-05-05T08:38:03.009Z",
    "user": 1,
    "content_type": 7,
    "object_id": "2",
    "object_repr": "What do you know about Django?",
    "action_flag": 2,
    "change_message": "[{\"changed\": {\"fields\": [\"Status\"]}}]"
  }
},
{
  "model": "admin.logentry",
  "pk": 18,
  "fields": {
    "action_time": "2025-05-05T08:38:16.776Z",
    "user": 1,
    "content_type": 7,
    "object_id": "4",
    "object_repr": "Python Content Coming Soon",
    "action_flag": 2,
    "change_message": "[{\"changed\": {\"fields\": [\"Status\"]}}]"
  }
},
{
  "model": "admin.logentry",
  "pk": 19,
  "fields": {
    "action_time": "2025-05-05T08:38:31.636Z",
    "user": 1,
    "content_type": 7,
    "object_id": "1",
    "object_repr": "Who is Alinda?",
    "action_flag": 2,
    "change_message": "[]"
  }
},
{
  "model": "admin.logentry",
  "pk": 20,
  "fields": {
    "action_time": "2025-05-05T08:38:44.216Z",
    "user": 1,
    "content_type": 7,
    "object_id": "8",
    "object_repr": "Java on the move",
    "action_flag": 2,
    "change_message": "[{\"changed\": {\"fields\": [\"Status\"]}}]"
  }
},
{
  "model": "admin.logentry",
  "pk": 21,
  "fields": {
    "action_time": "2025-05-05T13:17:57.720Z",
    "user": 1,
    "content_type": 7,
    "object_id": "2",
    "object_repr": "What do you know about Django?",
    "action_flag": 2,
    "change_message": "[{\"changed\": {\"fields\": [\"Body\"]}}]"
  }
},
{
  "model": "admin.logentry",
  "pk": 22,
  "fields": {
    "action_time": "2025-05-05T13:18:37.614Z",
    "user": 1,
    "content_type": 7,
    "object_id": "2",
    "object_repr": "What do you know about Django?",
    "action_flag": 2,
    "change_message": "[{\"changed\": {\"fields\": [\"Body\"]}}]"
  }
},
{
  "model": "admin.logentry",
  "pk": 23,
  "fields": {
    "action_time": "2025-05-09T12:22:10.625Z",
    "user": 1,
    "content_type": 8,
    "object_id": "1",
    "object_repr": "Comment by Alinda Fortunate on Who is Alinda?",
    "action_flag": 2,
    "change_message": "[{\"changed\": {\"fields\": [\"Body\"]}}]"
  }
},
{
  "model": "admin.logentry",
  "pk": 24,
  "fields": {
    "action_time": "2025-05-10T12:55:32.548Z",
    "user": 1,
    "content_type": 8,
    "object_id": "4",
    "object_repr": "Comment by Erick Meddy on Programming Instructor",
    "action_flag": 1,
    "change_message": "[{\"added\": {}}]"
  }
},
{
  "model": "admin.logentry",
  "pk": 25,
  "fields": {
    "action_time": "2025-05-10T14:54:09.292Z",
    "user": 1,
    "content_type": 8,
    "object_id": "5",
    "object_repr": "Comment by  on What is Django?",
    "action_flag": 3,
    "change_message": ""
  }
},
{
  "model": "admin.logentry",
  "pk": 26,
  "fields": {
    "action_time": "2025-05-14T18:28:08.550Z",
    "user": 1,
    "content_type": 7,
    "object_id": "6",
    "object_repr": "Programming Instructor",
    "action_flag": 2,
    "change_message": "[{\"changed\": {\"fields\": [\"Status\", \"Tags\"]}}]"
  }
},
{
  "model": "admin.logentry",
  "pk": 27,
  "fields": {
    "action_time": "2025-05-14T18:28:43.188Z",
    "user": 1,
    "content_type": 7,
    "object_id": "8",
    "object_repr": "Java on the move",
    "action_flag": 2,
    "change_message": "[{\"changed\": {\"fields\": [\"Tags\"]}}]"
  }
},
{
  "model": "admin.logentry",
  "pk": 28,
  "fields": {
    "action_time": "2025-05-14T18:29:21.223Z",
    "user": 1,
    "content_type": 7,
    "object_id": "4",
    "object_repr": "Python Content Coming Soon",
    "action_flag": 2,
    "change_message": "[{\"changed\": {\"fields\": [\"Tags\"]}}]"
  }
},
{
  "model": "admin.logentry",
  "pk": 29,
  "fields": {
    "action_time": "2025-05-14T18:29:54.477Z",
    "user": 1,
    "content_type": 7,
    "object_id": "1",
    "object_repr": "Who is Alinda?",
    "action_flag": 2,
    "change_message": "[{\"changed\": {\"fields\": [\"Tags\"]}}]"
  }
},
{
  "model": "admin.logentry",
  "pk": 30,
  "fields": {
    "action_time": "2025-05-14T18:30:31.502Z",
    "user": 1,
    "content_type": 7,
    "object_id": "2",
    "object_repr": "What do you know about Django?",
    "action_flag": 2,
    "change_message": "[{\"changed\": {\"fields\": [\"Tags\"]}}]"
  }
},
{
  "model": "admin.logentry",
  "pk": 31,
  "fields": {
    "action_time": "2025-05-19T09:51:03.933Z",
    "user": 1,
    "content_type": 7,
    "object_id": "9",
    "object_repr": "Post By Markdown Format.",
    "action_flag": 1,
    "change_message": "[{\"added\": {}}]"
  }
},
{
  "model": "admin.logentry",
  "pk": 32,
  "fields": {
    "action_time": "2025-05-19T09:53:21.511Z",
    "user": 1,
    "content_type": 7,
    "object_id": "9",
    "object_repr": "Post By Markdown Format.",
    "action_flag": 2,
    "change_message": "[{\"changed\": {\"fields\": [\"Body\"]}}]"
  }
},
{
  "model": "admin.logentry",
  "pk": 33,
  "fields": {
    "action_time": "2025-05-19T09:54:18.529Z",
    "user": 1,
    "content_type": 7,
    "object_id": "9",
    "object_repr": "Post By Markdown Format.",
    "action_flag": 2,
    "change_message": "[{\"changed\": {\"fields\": [\"Body\"]}}]"
  }
},
{
  "model": "admin.logentry",
  "pk": 34,
  "fields": {
    "action_time": "2025-05-19T13:29:57.890Z",
    "user": 1,
    "content_type": 11,
    "object_id": "1",
    "object_repr": "blog_site.com",
    "action_flag": 2,
    "change_message": "[{\"changed\": {\"fields\": [\"Domain name\", \"Display name\"]}}]"
  }
},
{
  "model": "admin.logentry",
  "pk": 35,
  "fields": {
    "action_time": "2025-05-28T19:53:04.083Z",
    "user": 1,
    "content_type": 10,
    "object_id": "3",
    "object_repr": "What is Django?",
    "action_flag": 2,
    "change_message": "[{\"changed\": {\"fields\": [\"Tags\"]}}]"
  }
},
{
  "model": "admin.logentry",
  "pk": 36,
  "fields": {
    "action_time": "2025-05-28T19:53:19.311Z",
    "user": 1,
    "content_type": 10,
    "object_id": "5",
    "object_repr": "Django Content Coming Soon",
    "action_flag": 2,
    "change_message": "[{\"changed\": {\"fields\": [\"Tags\"]}}]"
  }
},
{
  "model": "admin.logentry",
  "pk": 37,
  "fields": {
    "action_time": "2025-05-28T19:56:28.773Z",
    "user": 1,
    "content_type": 10,
    "object_id": "8",
    "object_repr": "Java on the move",
    "action_flag": 2,
    "change_message": "[{\"changed\": {\"fields\": [\"Tags\"]}}]"
  }
},
{
  "model": "admin.logentry",
  "pk": 38,
  "fields": {
    "action_time": "2025-05-28T19:57:09.296Z",
    "user": 1,
    "content_type": 10,
    "object_id": "8",
    "object_repr": "Java on the move",
    "action_flag": 2,
    "change_message": "[{\"changed\": {\"fields\": [\"Tags\"]}}]"
  }
},
{
  "model": "auth.permission",
  "pk": 1,
  "fields": {
    "name": "Can add log entry",
    "content_type": 1,
    "codename": "add_logentry"
  }
},
{
  "model": "auth.permission",
  "pk": 2,
  "fields": {
    "name": "Can change log entry",
    "content_type": 1,
    "codename": "change_logentry"
  }
},
{
  "model": "auth.permission",
  "pk": 3,
  "fields": {
    "name": "Can delete log entry",
    "content_type": 1,
    "codename": "delete_logentry"
  }
},
{
  "model": "auth.permission",
  "pk": 4,
  "fields": {
    "name": "Can view log entry",
    "content_type": 1,
    "codename": "view_logentry"
  }
},
{
  "model": "auth.permission",
  "pk": 5,
  "fields": {
    "name": "Can add permission",
    "content_type": 2,
    "codename": "add_permission"
  }
},
{
  "model": "auth.permission",
  "pk": 6,
  "fields": {
    "name": "Can change permission",
    "content_type": 2,
    "codename": "change_permission"
  }
},
{
  "model": "auth.permission",
  "pk": 7,
  "fields": {
    "name": "Can delete permission",
    "content_type": 2,
    "codename": "delete_permission"
  }
},
{
  "model": "auth.permission",
  "pk": 8,
  "fields": {
    "name": "Can view permission",
    "content_type": 2,
    "codename": "view_permission"
  }
},
{
  "model": "auth.permission",
  "pk": 9,
  "fields": {
    "name": "Can add group",
    "content_type": 3,
    "codename": "add_group"
  }
},
{
  "model": "auth.permission",
  "pk": 10,
  "fields": {
    "name": "Can change group",
    "content_type": 3,
    "codename": "change_group"
  }
},
{
  "model": "auth.permission",
  "pk": 11,
  "fields": {
    "name": "Can delete group",
    "content_type": 3,
    "codename": "delete_group"
  }
},
{
  "model": "auth.permission",
  "pk": 12,
  "fields": {
    "name": "Can view group",
    "content_type": 3,
    "codename": "view_group"
  }
},
{
  "model": "auth.permission",
  "pk": 13,
  "fields": {
    "name": "Can add user",
    "content_type": 4,
    "codename": "add_user"
  }
},
{
  "model": "auth.permission",
  "pk": 14,
  "fields": {
    "name": "Can change user",
    "content_type": 4,
    "codename": "change_user"
  }
},
{
  "model": "auth.permission",
  "pk": 15,
  "fields": {
    "name": "Can delete user",
    "content_type": 4,
    "codename": "delete_user"
  }
},
{
  "model": "auth.permission",
  "pk": 16,
  "fields": {
    "name": "Can view user",
    "content_type": 4,
    "codename": "view_user"
  }
},
{
  "model": "auth.permission",
  "pk": 17,
  "fields": {
    "name": "Can add content type",
    "content_type": 5,
    "codename": "add_contenttype"
  }
},
{
  "model": "auth.permission",
  "pk": 18,
  "fields": {
    "name": "Can change content type",
    "content_type": 5,
    "codename": "change_contenttype"
  }
},
{
  "model": "auth.permission",
  "pk": 19,
  "fields": {
    "name": "Can delete content type",
    "content_type": 5,
    "codename": "delete_contenttype"
  }
},
{
  "model": "auth.permission",
  "pk": 20,
  "fields": {
    "name": "Can view content type",
    "content_type": 5,
    "codename": "view_contenttype"
  }
},
{
  "model": "auth.permission",
  "pk": 21,
  "fields": {
    "name": "Can add session",
    "content_type": 6,
    "codename": "add_session"
  }
},
{
  "model": "auth.permission",
  "pk": 22,
  "fields": {
    "name": "Can change session",
    "content_type": 6,
    "codename": "change_session"
  }
},
{
  "model": "auth.permission",
  "pk": 23,
  "fields": {
    "name": "Can delete session",
    "content_type": 6,
    "codename": "delete_session"
  }
},
{
  "model": "auth.permission",
  "pk": 24,
  "fields": {
    "name": "Can view session",
    "content_type": 6,
    "codename": "view_session"
  }
},
{
  "model": "auth.permission",
  "pk": 25,
  "fields": {
    "name": "Can add site",
    "content_type": 7,
    "codename": "add_site"
  }
},
{
  "model": "auth.permission",
  "pk": 26,
  "fields": {
    "name": "Can change site",
    "content_type": 7,
    "codename": "change_site"
  }
},
{
  "model": "auth.permission",
  "pk": 27,
  "fields": {
    "name": "Can delete site",
    "content_type": 7,
    "codename": "delete_site"
  }
},
{
  "model": "auth.permission",
  "pk": 28,
  "fields": {
    "name": "Can view site",
    "content_type": 7,
    "codename": "view_site"
  }
},
{
  "model": "auth.permission",
  "pk": 29,
  "fields": {
    "name": "Can add tag",
    "content_type": 8,
    "codename": "add_tag"
  }
},
{
  "model": "auth.permission",
  "pk": 30,
  "fields": {
    "name": "Can change tag",
    "content_type": 8,
    "codename": "change_tag"
  }
},
{
  "model": "auth.permission",
  "pk": 31,
  "fields": {
    "name": "Can delete tag",
    "content_type": 8,
    "codename": "delete_tag"
  }
},
{
  "model": "auth.permission",
  "pk": 32,
  "fields": {
    "name": "Can view tag",
    "content_type": 8,
    "codename": "view_tag"
  }
},
{
  "model": "auth.permission",
  "pk": 33,
  "fields": {
    "name": "Can add tagged item",
    "content_type": 9,
    "codename": "add_taggeditem"
  }
},
{
  "model": "auth.permission",
  "pk": 34,
  "fields": {
    "name": "Can change tagged item",
    "content_type": 9,
    "codename": "change_taggeditem"
  }
},
{
  "model": "auth.permission",
  "pk": 35,
  "fields": {
    "name": "Can delete tagged item",
    "content_type": 9,
    "codename": "delete_taggeditem"
  }
},
{
  "model": "auth.permission",
  "pk": 36,
  "fields": {
    "name": "Can view tagged item",
    "content_type": 9,
    "codename": "view_taggeditem"
  }
},
{
  "model": "auth.permission",
  "pk": 37,
  "fields": {
    "name": "Can add post",
    "content_type": 10,
    "codename": "add_post"
  }
},
{
  "model": "auth.permission",
  "pk": 38,
  "fields": {
    "name": "Can change post",
    "content_type": 10,
    "codename": "change_post"
  }
},
{
  "model": "auth.permission",
  "pk": 39,
  "fields": {
    "name": "Can delete post",
    "content_type": 10,
    "codename": "delete_post"
  }
},
{
  "model": "auth.permission",
  "pk": 40,
  "fields": {
    "name": "Can view post",
    "content_type": 10,
    "codename": "view_post"
  }
},
{
  "model": "auth.permission",
  "pk": 41,
  "fields": {
    "name": "Can add comment",
    "content_type": 11,
    "codename": "add_comment"
  }
},
{
  "model": "auth.permission",
  "pk": 42,
  "fields": {
    "name": "Can change comment",
    "content_type": 11,
    "codename": "change_comment"
  }
},
{
  "model": "auth.permission",
  "pk": 43,
  "fields": {
    "name": "Can delete comment",
    "content_type": 11,
    "codename": "delete_comment"
  }
},
{
  "model": "auth.permission",
  "pk": 44,
  "fields": {
    "name": "Can view comment",
    "content_type": 11,
    "codename": "view_comment"
  }
},
{
  "model": "auth.user",
  "pk": 1,
  "fields": {
    "password": "pbkdf2_sha256$1000000$seo22swrq6Fv4W4VGLQJS0$2gaJhObQcml0h2KBLf+UXAFKt8hHdB+OUW8epGi1GZA=",
    "last_login": "2025-05-22T20:58:46.604Z",
    "is_superuser": true,
    "username": "Alinda Fortunate",
    "first_name": "",
    "last_name": "",
    "email": "alindafortunate@email.com",
    "is_staff": true,
    "is_active": true,
    "date_joined": "2025-04-26T11:53:34.871Z",
    "groups": [],
    "user_permissions": []
  }
},
{
  "model": "auth.user",
  "pk": 2,
  "fields": {
    "password": "",
    "last_login": null,
    "is_superuser": false,
    "username": "Lucky Alinda",
    "first_name": "",
    "last_name": "",
    "email": "",
    "is_staff": false,
    "is_active": true,
    "date_joined": "2025-04-27T12:41:45.024Z",
    "groups": [],
    "user_permissions": []
  }
},
{
  "model": "auth.user",
  "pk": 3,
  "fields": {
    "password": "",
    "last_login": null,
    "is_superuser": false,
    "username": "Alija Jonan",
    "first_name": "",
    "last_name": "",
    "email": "",
    "is_staff": false,
    "is_active": true,
    "date_joined": "2025-04-28T11:55:48.623Z",
    "groups": [],
    "user_permissions": []
  }
},
{
  "model": "contenttypes.contenttype",
  "pk": 1,
  "fields": {
    "app_label": "admin",
    "model": "logentry"
  }
},
{
  "model": "contenttypes.contenttype",
  "pk": 2,
  "fields": {
    "app_label": "auth",
    "model": "permission"
  }
},
{
  "model": "contenttypes.contenttype",
  "pk": 3,
  "fields": {
    "app_label": "auth",
    "model": "group"
  }
},
{
  "model": "contenttypes.contenttype",
  "pk": 4,
  "fields": {
    "app_label": "auth",
    "model": "user"
  }
},
{
  "model": "contenttypes.contenttype",
  "pk": 5,
  "fields": {
    "app_label": "contenttypes",
    "model": "contenttype"
  }
},
{
  "model": "contenttypes.contenttype",
  "pk": 6,
  "fields": {
    "app_label": "sessions",
    "model": "session"
  }
},
{
  "model": "contenttypes.contenttype",
  "pk": 7,
  "fields": {
    "app_label": "sites",
    "model": "site"
  }
},
{
  "model": "contenttypes.contenttype",
  "pk": 8,
  "fields": {
    "app_label": "taggit",
    "model": "tag"
  }
},
{
  "model": "contenttypes.contenttype",
  "pk": 9,
  "fields": {
    "app_label": "taggit",
    "model": "taggeditem"
  }
},
{
  "model": "contenttypes.contenttype",
  "pk": 10,
  "fields": {
    "app_label": "blog",
    "model": "post"
  }
},
{
  "model": "contenttypes.contenttype",
  "pk": 11,
  "fields": {
    "app_label": "blog",
    "model": "comment"
  }
},
{
  "model": "sessions.session",
  "pk": "avqn4441x6gq23i3967a24mcar7adg04",
  "fields": {
    "session_data": ".eJxVjEEOwiAQRe_C2hCgYca6dO8ZCDMDUjU0Ke2q8e5K0oVu_3vv7yrEbS1ha2kJk6iLsur0u1HkZ6odyCPW-6x5rusyke6KPmjTt1nS63q4fwclttJrAHIpE3qIIlbY4uCNsDOExBApj0kYrHFDRsP4Nc4ZHCQ_oqAD9f4ADQU4kA:1uBrKT:RgRb-9TNyxckTESKpQlPXR-e6Wv3vfiuVKjt7_VErAs",
    "expire_date": "2025-05-19T08:37:37.424Z"
  }
},
{
  "model": "sessions.session",
  "pk": "t4jpxg5faqus2rs34q1oorb3sznyfmrk",
  "fields": {
    "session_data": ".eJxVjEEOwiAQRe_C2hCgYca6dO8ZCDMDUjU0Ke2q8e5K0oVu_3vv7yrEbS1ha2kJk6iLsur0u1HkZ6odyCPW-6x5rusyke6KPmjTt1nS63q4fwclttJrAHIpE3qIIlbY4uCNsDOExBApj0kYrHFDRsP4Nc4ZHCQ_oqAD9f4ADQU4kA:1u8e7J:sZPlxsMJ_upiJwVWfYQXYgKgSr958JMwJaHsVq46ST4",
    "expire_date": "2025-05-10T11:54:45.241Z"
  }
},
{
  "model": "sessions.session",
  "pk": "x1ss3eyt6ono8v7e60vsmnoqnduk355a",
  "fields": {
    "session_data": ".eJxVjEEOwiAQRe_C2hCgYca6dO8ZCDMDUjU0Ke2q8e5K0oVu_3vv7yrEbS1ha2kJk6iLsur0u1HkZ6odyCPW-6x5rusyke6KPmjTt1nS63q4fwclttJrAHIpE3qIIlbY4uCNsDOExBApj0kYrHFDRsP4Nc4ZHCQ_oqAD9f4ADQU4kA:1uID02:NJ1BfLeoS9P1CKZN-imupEv7nplygVIZNNOx7yxlmtY",
    "expire_date": "2025-06-05T20:58:46.616Z"
  }
},
{
  "model": "sites.site",
  "pk": 1,
  "fields": {
    "domain": "blog_site.com",
    "name": "blog_site.com"
  }
},
{
  "model": "taggit.tag",
  "pk": 1,
  "fields": {
    "name": "Python",
    "slug": "python"
  }
},
{
  "model": "taggit.tag",
  "pk": 2,
  "fields": {
    "name": "Django",
    "slug": "django"
  }
},
{
  "model": "taggit.tag",
  "pk": 3,
  "fields": {
    "name": "programming",
    "slug": "programming"
  }
},
{
  "model": "taggit.tag",
  "pk": 4,
  "fields": {
    "name": "python",
    "slug": "python_1"
  }
},
{
  "model": "taggit.tag",
  "pk": 5,
  "fields": {
    "name": "java",
    "slug": "java"
  }
},
{
  "model": "taggit.tag",
  "pk": 6,
  "fields": {
    "name": "django",
    "slug": "django_1"
  }
},
{
  "model": "taggit.tag",
  "pk": 7,
  "fields": {
    "name": "Developer",
    "slug": "developer"
  }
},
{
  "model": "taggit.tag",
  "pk": 8,
  "fields": {
    "name": "Software",
    "slug": "software"
  }
},
{
  "model": "taggit.tag",
  "pk": 9,
  "fields": {
    "name": "development",
    "slug": "development"
  }
},
{
  "model": "taggit.tag",
  "pk": 10,
  "fields": {
    "name": "web",
    "slug": "web"
  }
},
{
  "model": "taggit.tag",
  "pk": 11,
  "fields": {
    "name": "markdown",
    "slug": "markdown"
  }
},
{
  "model": "taggit.taggeditem",
  "pk": 3,
  "fields": {
    "tag": 3,
    "content_type": 7,
    "object_id": 6
  }
},
{
  "model": "taggit.taggeditem",
  "pk": 4,
  "fields": {
    "tag": 4,
    "content_type": 7,
    "object_id": 6
  }
},
{
  "model": "taggit.taggeditem",
  "pk": 5,
  "fields": {
    "tag": 5,
    "content_type": 7,
    "object_id": 8
  }
},
{
  "model": "taggit.taggeditem",
  "pk": 6,
  "fields": {
    "tag": 3,
    "content_type": 7,
    "object_id": 8
  }
},
{
  "model": "taggit.taggeditem",
  "pk": 7,
  "fields": {
    "tag": 6,
    "content_type": 7,
    "object_id": 4
  }
},
{
  "model": "taggit.taggeditem",
  "pk": 8,
  "fields": {
    "tag": 4,
    "content_type": 7,
    "object_id": 4
  }
},
{
  "model": "taggit.taggeditem",
  "pk": 9,
  "fields": {
    "tag": 7,
    "content_type": 7,
    "object_id": 1
  }
},
{
  "model": "taggit.taggeditem",
  "pk": 10,
  "fields": {
    "tag": 8,
    "content_type": 7,
    "object_id": 1
  }
},
{
  "model": "taggit.taggeditem",
  "pk": 11,
  "fields": {
    "tag": 9,
    "content_type": 7,
    "object_id": 2
  }
},
{
  "model": "taggit.taggeditem",
  "pk": 12,
  "fields": {
    "tag": 6,
    "content_type": 7,
    "object_id": 2
  }
},
{
  "model": "taggit.taggeditem",
  "pk": 13,
  "fields": {
    "tag": 10,
    "content_type": 7,
    "object_id": 2
  }
},
{
  "model": "taggit.taggeditem",
  "pk": 14,
  "fields": {
    "tag": 11,
    "content_type": 7,
    "object_id": 9
  }
},
{
  "model": "taggit.taggeditem",
  "pk": 15,
  "fields": {
    "tag": 3,
    "content_type": 10,
    "object_id": 3
  }
},
{
  "model": "taggit.taggeditem",
  "pk": 16,
  "fields": {
    "tag": 4,
    "content_type": 10,
    "object_id": 3
  }
},
{
  "model": "taggit.taggeditem",
  "pk": 17,
  "fields": {
    "tag": 5,
    "content_type": 10,
    "object_id": 5
  }
},
{
  "model": "taggit.taggeditem",
  "pk": 18,
  "fields": {
    "tag": 3,
    "content_type": 10,
    "object_id": 5
  }
},
{
  "model": "taggit.taggeditem",
  "pk": 19,
  "fields": {
    "tag": 3,
    "content_type": 10,
    "object_id": 8
  }
},
{
  "model": "taggit.taggeditem",
  "pk": 21,
  "fields": {
    "tag": 5,
    "content_type": 10,
    "object_id": 8
  }
},
{
  "model": "blog.post",
  "pk": 1,
  "fields": {
    "author": 1,
    "title": "Who is Alinda?",
    "slug": "who-is-alinda",
    "body": "He is an upcoming software developer with passion to help his community.",
    "photo": "images/Alinda_wFkDLx4.jpg",
    "publish": "2025-04-26T12:09:07Z",
    "created": "2025-04-26T12:10:42.510Z",
    "updated": "2025-05-14T18:29:54.470Z",
    "status": "PB"
  }
},
{
  "model": "blog.post",
  "pk": 2,
  "fields": {
    "author": 1,
    "title": "What do you know about Django?",
    "slug": "what-do-know-about-django",
    "body": "This is a python web framework for developing web applications",
    "photo": "images/django_images_O4TmDlW.jpeg",
    "publish": "2025-04-26T13:17:48Z",
    "created": "2025-04-26T13:19:03.672Z",
    "updated": "2025-05-14T18:30:31.495Z",
    "status": "PB"
  }
},
{
  "model": "blog.post",
  "pk": 3,
  "fields": {
    "author": 1,
    "title": "What is Django?",
    "slug": "what-is-django",
    "body": "Django jhbsjhbshssvhshvsjhsjs",
    "photo": "images/django_images_4m9CKJc.jpeg",
    "publish": "2025-04-26T14:34:19Z",
    "created": "2025-04-26T14:35:52.823Z",
    "updated": "2025-05-28T19:53:03.907Z",
    "status": "DF"
  }
},
{
  "model": "blog.post",
  "pk": 4,
  "fields": {
    "author": 1,
    "title": "Python Content Coming Soon",
    "slug": "python-content",
    "body": "Soon we shall be releasing content about the discoveries in python",
    "photo": " ",
    "publish": "2025-04-27T12:34:48Z",
    "created": "2025-04-27T12:34:56.459Z",
    "updated": "2025-05-14T18:29:21.218Z",
    "status": "PB"
  }
},
{
  "model": "blog.post",
  "pk": 5,
  "fields": {
    "author": 1,
    "title": "Django Content Coming Soon",
    "slug": "django-content",
    "body": "Soon we shall be releasing content about the discoveries in Django",
    "photo": " ",
    "publish": "2025-04-27T12:36:11Z",
    "created": "2025-04-27T12:36:11.766Z",
    "updated": "2025-05-28T19:53:19.250Z",
    "status": "DF"
  }
},
{
  "model": "blog.post",
  "pk": 6,
  "fields": {
    "author": 3,
    "title": "Programming Instructor",
    "slug": "programming-instructor",
    "body": "I am happy that I will be instructing you in Python",
    "photo": " ",
    "publish": "2025-04-28T11:57:36Z",
    "created": "2025-04-28T11:57:36.985Z",
    "updated": "2025-05-14T18:28:08.538Z",
    "status": "PB"
  }
},
{
  "model": "blog.post",
  "pk": 8,
  "fields": {
    "author": 2,
    "title": "Java on the move",
    "slug": "java-on-the-move",
    "body": "New content about Java coming soon",
    "photo": " ",
    "publish": "2025-04-28T17:53:33Z",
    "created": "2025-04-28T17:53:33.974Z",
    "updated": "2025-05-28T19:57:09.255Z",
    "status": "PB"
  }
},
{
  "model": "blog.post",
  "pk": 9,
  "fields": {
    "author": 1,
    "title": "Post By Markdown Format.",
    "slug": "post-by-markdown-format",
    "body": "This is  a post formatted with markdown.\r\n----------------------------------------------\r\n*This is emphasized* and **this is more emphasized**\r\n\r\nHere is a list:\r\n\r\n* One\r\n* Two\r\n* Three\r\n\r\nAnd  a [link to Django website](https://docs.djangoproject.com/)",
    "photo": " ",
    "publish": "2025-05-19T09:46:30Z",
    "created": "2025-05-19T09:51:03.925Z",
    "updated": "2025-05-19T09:54:18.525Z",
    "status": "PB"
  }
},
{
  "model": "blog.comment",
  "pk": 1,
  "fields": {
    "post": 1,
    "name": "Alinda Fortunate",
    "email": "alindafortunate@email.com",
    "body": "Nice introduction.",
    "created": "2025-05-09T12:14:13.751Z",
    "updated": "2025-05-09T12:22:10.624Z",
    "active": true
  }
},
{
  "model": "blog.comment",
  "pk": 2,
  "fields": {
    "post": 1,
    "name": "Alinda Lucky",
    "email": "alindalucky@email.com",
    "body": "This is a good post",
    "created": "2025-05-09T12:18:40.327Z",
    "updated": "2025-05-09T12:18:40.327Z",
    "active": true
  }
},
{
  "model": "blog.comment",
  "pk": 3,
  "fields": {
    "post": 2,
    "name": "Alija Jonan",
    "email": "alijajonan@email.com",
    "body": "I love this post",
    "created": "2025-05-10T12:31:08.672Z",
    "updated": "2025-05-10T12:31:08.672Z",
    "active": true
  }
},
{
  "model": "blog.comment",
  "pk": 4,
  "fields": {
    "post": 6,
    "name": "Erick Meddy",
    "email": "erickmeddy@email.com",
    "body": "Yaah very nice.",
    "created": "2025-05-10T12:55:32.547Z",
    "updated": "2025-05-10T12:55:32.547Z",
    "active": true
  }
},
{
  "model": "blog.comment",
  "pk": 6,
  "fields": {
    "post": 4,
    "name": "Alinda Fortunate",
    "email": "alindafortunate768@gmail.com",
    "body": "yyfgfds",
    "created": "2025-05-10T14:54:44.817Z",
    "updated": "2025-05-10T14:54:44.818Z",
    "active": true
  }
},
{
  "model": "blog.comment",
  "pk": 7,
  "fields": {
    "post": 4,
    "name": "Alinda Fortunate",
    "email": "alindafortunate768@gmail.com",
    "body": "yyfgfds",
    "created": "2025-05-10T14:56:17.074Z",
    "updated": "2025-05-10T14:56:17.074Z",
    "active": true
  }
},
{
  "model": "blog.comment",
  "pk": 8,
  "fields": {
    "post": 4,
    "name": "Alinda Fortunate",
    "email": "alindafortunate898@gmail.com",
    "body": "Yeah it worked finally.",
    "created": "2025-05-10T14:56:54.215Z",
    "updated": "2025-05-10T14:56:54.215Z",
    "active": true
  }
},
{
  "model": "blog.comment",
  "pk": 9,
  "fields": {
    "post": 2,
    "name": "Nyeko Atomic James",
    "email": "atomic2@email.com",
    "body": "I will be happy to learn Django.",
    "created": "2025-05-10T19:10:09.100Z",
    "updated": "2025-05-10T19:10:09.100Z",
    "active": true
  }
},
{
  "model": "blog.comment",
  "pk": 10,
  "fields": {
    "post": 8,
    "name": "Jonan Alija.",
    "email": "alija@email.com",
    "body": "I will be excited to learn Java.",
    "created": "2025-05-12T08:08:28.113Z",
    "updated": "2025-05-12T08:08:28.113Z",
    "active": true
  }
},
{
  "model": "blog.comment",
  "pk": 11,
  "fields": {
    "post": 1,
    "name": "John Doe",
    "email": "doe@email.com",
    "body": "Yeah I love this",
    "created": "2025-05-12T09:26:08.195Z",
    "updated": "2025-05-12T09:26:08.196Z",
    "active": true
  }
},
{
  "model": "blog.comment",
  "pk": 12,
  "fields": {
    "post": 1,
    "name": "Mary Akello",
    "email": "akello@email.com",
    "body": "This looks good.",
    "created": "2025-05-12T09:34:35.249Z",
    "updated": "2025-05-12T09:34:35.249Z",
    "active": true
  }
},
{
  "model": "blog.comment",
  "pk": 13,
  "fields": {
    "post": 4,
    "name": "Mukulu",
    "email": "mukulu@email.com",
    "body": "Customising forms.",
    "created": "2025-05-12T13:17:57.886Z",
    "updated": "2025-05-12T13:17:57.886Z",
    "active": true
  }
},
{
  "model": "blog.comment",
  "pk": 14,
  "fields": {
    "post": 8,
    "name": "Miko",
    "email": "miko@email.com",
    "body": "It finally worked out.",
    "created": "2025-05-22T20:53:33.064Z",
    "updated": "2025-05-22T20:53:33.064Z",
    "active": true
  }
}
]
